asn_org,unique_ips,provider_count,asn_count,country_count,top_providers
CDNEXT,5282,21,1,37,NordVPN (2708); CyberGhost (878); ProtonVPN (569); Windscribe (284); Astrill (256); Mullvad (143); PureVPN (127); Private Internet Access (126); Surfshark (53); ExpressVPN (38)
M247,4709,50,1,22,NordVPN (1167); CyberGhost (782); AirVPN (600); ProtonVPN (408); TorGuard (363); Windscribe (195); Mullvad (180); TunnelBear (137); WiTopia (125); PureVPN (93)
NETPROTECT-62651,3190,3,1,1,WLVPN (1496); IPVanish (1495); StrongVPN (199)
CLOUVIDER Clouvider - Global ASN,2844,10,1,3,NordVPN (1079); WLVPN (581); IPVanish (580); Astrill (539); ExpressVPN (22); StrongVPN (16); Windscribe (9); KevinVPN (8); Private Internet Access (5); Surfshark (5)
PACKETHUBSA-AS-AP PacketHub S.A.,2186,1,3,2,NordVPN (2186)
CDN77 _,1235,21,1,14,NordVPN (425); ProtonVPN (377); CyberGhost (153); Mullvad (101); IVPN (40); Windscribe (31); AzireVPN (19); Surfshark (18); PrivateVPN (16); Astrill (15)
GSLNETWORKS-AS-AP GSL Networks Pty LTD,1015,11,1,6,NordVPN (368); CyberGhost (268); Private Internet Access (132); ExpressVPN (87); PureVPN (49); IPVanish (38); WLVPN (38); Windscribe (27); Ivacy (9); ProtonVPN (2)
COGENT-174,782,10,1,4,Astrill (289); CyberGhost (168); IPVanish (134); WLVPN (134); Private Internet Access (37); Psiphon (10); StrongVPN (7); GhostPath (1); Sentinel dVPN (1); VPN Unlimited (1)
BANDWIDTH-AS,671,10,1,5,NordVPN (590); IPVanish (26); WLVPN (26); Astrill (7); Surfshark (7); PureVPN (5); WiTopia (5); ProtonVPN (3); FlowVPN (1); PrivateVPN (1)
GLOBALLAYER,625,3,1,2,AirVPN (576); NordVPN (47); Surfshark (2)
TZULO,585,7,1,1,Mullvad (254); AirVPN (224); Windscribe (84); IVPN (11); Sentinel dVPN (6); AzireVPN (5); CCrypto VPN (1)
"STL-AS-AP Strong Technology, LLC",564,3,1,1,IPVanish (276); WLVPN (276); StrongVPN (12)
STRTEC,563,3,1,1,StrongVPN (226); WLVPN (176); IPVanish (161)
AS-COLOCROSSING,502,16,1,1,Sentinel dVPN (242); Astrill (96); IPVanish (59); WLVPN (59); Windscribe (12); VPN.ac (9); TunnelBear (6); PureVPN (5); GhostPath (4); IVPN (2)
OVH,348,28,1,5,Astrill (95); Psiphon (56); WiTopia (40); VPNSecure (29); VPN Jantit (16); Sentinel dVPN (15); NetShade (13); HideIPVPN (11); Anonine (8); BoxPN (8)
PACKETHUBSA,343,1,1,1,NordVPN (343)
DIGITALOCEAN-ASN,308,19,1,3,Psiphon (100); TunnelBear (81); VPN Unlimited (49); PhantomPeer (14); TorGuard (12); PrivateVPN (10); uVPN (10); Goosevpn (7); Safervpn (5); VPN Jantit (5)
AS62904 - Eonix Corporation,280,6,1,1,Astrill (275); Anonine (5); BoxPN (5); EasyHideIP (5); FrootVPN (5); Froot (1)
AMANAHA-NEW,253,15,1,1,AirVPN (208); WiTopia (15); VPN Unlimited (8); Sentinel dVPN (5); Astrill (3); IVPN (3); Proxpn (2); Trust.Zone (2); VPN.ac (2); Anonvpn (1)
ABSTRACT,241,1,1,1,Njalla (241)
ZEN-ECN,239,11,1,4,TunnelBear (101); IPVanish (45); WLVPN (45); Mullvad (24); Windscribe (9); PrivateVPN (4); StrongVPN (3); Astrill (2); ExpressVPN (2); Private Internet Access (2)
HOSTROYALE,232,14,2,11,Mullvad (76); NordVPN (68); Surfshark (24); Astrill (15); IPVanish (11); WLVPN (11); Privado (9); StrongVPN (8); PureVPN (4); Cryptostorm (2)
AS-VULTR,221,15,1,1,Astrill (84); VPN Unlimited (67); SwitchVPN (29); VPN Jantit (11); FlowVPN (7); Safervpn (7); Proxpn (3); Smartdnsproxy (3); VPNUK (3); Getflix (2)
LATITUDE-SH,212,17,1,4,NordVPN (103); ExpressVPN (21); Astrill (16); IPVanish (13); WLVPN (13); PureVPN (9); Private Internet Access (8); TunnelBear (7); Windscribe (7); ProtonVPN (6)
SHARKTECH,203,5,1,1,IPVanish (81); WLVPN (81); Astrill (37); StrongVPN (3); Sentinel dVPN (1)
GLESYS glesys.com,193,18,1,3,CyberGhost (125); Private Internet Access (21); Anonine (13); Froot (10); FrootVPN (10); ExpressVPN (8); GhostPath (3); CactusVPN (2); IVPN (2); PhantomPeer (2)
AKAMAI-LINODE-AP Akamai Connected Cloud,188,4,1,8,Psiphon (121); TunnelBear (44); GhostPath (23); SlickVPN (1)
"ONEPROVIDER-AS BrainStorm Network, Inc",181,13,1,27,OysterVPN (37); FlowVPN (29); VPN Unlimited (28); Sentinel dVPN (21); VPNUK (15); FastestVPN (13); Zoogvpn (12); VPNSecure (10); AnonymousVPN (7); Safervpn (3)
ESAB-AS,173,1,1,1,Mullvad (173)
HOST-AS-AP Host Universal Pty Ltd,158,14,1,2,NordVPN (51); Mullvad (40); ProtonVPN (31); Anonine (16); BoxPN (16); EasyHideIP (16); FrootVPN (16); Surfshark (9); PureVPN (4); Sentinel dVPN (4)
"UKSERVERS-AS UK Dedicated Servers, Hosting and Co-Location",154,19,1,1,IPVanish (35); WLVPN (35); NordVPN (24); EasyHideIP (20); Anonine (9); BoxPN (8); FrootVPN (8); Sentinel dVPN (7); StrongVPN (7); Astrill (4)
ALTUS,143,16,1,2,CyberGhost (46); AirVPN (24); Psiphon (23); NordVPN (10); Windscribe (6); IPVanish (5); VPN.ac (5); WLVPN (5); PureVPN (4); Astrill (3)
ESTNOC-GLOBAL,140,12,1,1,Windscribe (30); CyberGhost (26); WLVPN (18); IPVanish (17); ProtonVPN (13); AirVPN (8); ExpressVPN (8); Private Internet Access (6); StrongVPN (4); TorGuard (4)
NETPROTECT-SP,126,2,1,1,IPVanish (63); WLVPN (63)
Latitude.sh LTDA,125,13,1,1,NordVPN (70); ExpressVPN (29); Windscribe (7); Anonine (5); BoxPN (5); EasyHideIP (5); FrootVPN (5); WiTopia (5); Astrill (3); Cryptostorm (2)
Unknown,125,15,0,20,WiTopia (44); Vpnht (26); Astrill (10); CyberGhost (9); FlowVPN (7); GhostPath (7); Hotspotshield (7); Anonvpn (4); Proxpn (3); IVPN (2)
"IONOS-AS This is the joint network for IONOS, Fasthosts, Arsys, 1&1 Mail and Media and 1&1 Telecom. Formerly known as 1&1 Internet SE.",122,4,1,1,Sentinel dVPN (84); Psiphon (30); Astrill (4); VPN Jantit (4)
CYBERZONEHUB,119,1,1,58,Surfshark (119)
UK2NET-AS,119,14,1,5,ExpressVPN (27); IPVanish (20); WLVPN (20); Mullvad (17); Astrill (9); GhostPath (8); Windscribe (7); TunnelBear (5); SlickVPN (2); TorGuard (2)
VOXILITY,119,7,1,2,IPVanish (47); WLVPN (47); Vpnht (13); PureVPN (5); Psiphon (4); StrongVPN (2); Ivacy (1)
SECFIREWALLAS,118,2,1,2,ExpressVPN (104); Private Internet Access (14)
Online SAS,114,24,1,1,VPN Unlimited (19); Psiphon (16); Vpnht (15); Riseup VPN (13); VPN.ac (10); WiTopia (10); EasyHideIP (5); FrootVPN (5); NordVPN (5); Anonine (4)
SERVER-MANIA,113,6,1,1,IPVanish (35); WLVPN (35); Astrill (33); StrongVPN (8); TorGuard (1); Zoogvpn (1)
AS-INCX,110,7,1,1,IPVanish (40); WLVPN (40); Windscribe (18); StrongVPN (6); Astrill (3); Surfshark (3); Sentinel dVPN (2)
NFORCE,110,9,1,1,IPVanish (39); WLVPN (39); ProtonVPN (10); BTGuard (7); VPN.ac (7); Astrill (3); Cryptostorm (2); Smartdnsproxy (2); Zoogvpn (1)
PHMGMT-AS1,108,2,1,1,Giganews (54); VyprVPN (54)
THE,101,8,1,13,VPN Unlimited (43); WorldVPN (14); AnonymousVPN (13); FlowVPN (9); VPNUK (8); Kompot VPN (5); VPN Jantit (5); Zoogvpn (4)
AS-GLOBALTELEHOST,91,15,2,3,Astrill (35); Anonine (32); BoxPN (32); EasyHideIP (32); FrootVPN (32); Windscribe (6); VPN Jantit (5); TorGuard (3); Zoogvpn (3); HideIPVPN (2)
BIP-AS BIP Backbone ASN,89,1,1,1,Privado (89)
QUINTEX,88,1,1,1,AirVPN (88)
HETZNER-AS,87,6,1,2,WorldVPN (62); Sentinel dVPN (16); Astrill (3); CactusVPN (2); HideIPVPN (2); uVPN (2)
AS40676 - Psychz Networks,81,14,1,1,Astrill (36); VPN.ac (8); Windscribe (6); WiTopia (5); Zoogvpn (5); ExpressVPN (4); VPN Unlimited (4); Sentinel dVPN (3); VPN Jantit (3); FastestVPN (2)
OBEHOSTING Obehosting AB,81,3,1,1,OVPN (68); AzireVPN (7); PrivateVPN (6)
GBNETWORK-AS-AP GB Network Solutions Sdn. Bhd.,78,5,1,9,PureVPN (47); IPVanish (11); WLVPN (11); Ivacy (8); StrongVPN (3)
DEDICATED,77,6,1,1,AirVPN (40); WiTopia (20); Astrill (9); VPN Unlimited (5); FastestVPN (2); AzireVPN (1)
NETPROTECT-PHX,76,3,1,1,IPVanish (34); WLVPN (34); StrongVPN (8)
NETROUTING-AS,72,4,1,1,AirVPN (64); AzireVPN (4); VPN Unlimited (3); Kompot VPN (1)
TEKNIKBYRAN,72,1,1,1,AirVPN (72)
AS41564,71,7,1,1,CyberGhost (34); Windscribe (13); NordVPN (10); ExpressVPN (6); Private Internet Access (5); ProtonVPN (2); Psiphon (1)
HOSTHATCH,67,6,1,7,WorldVPN (38); Sentinel dVPN (16); AzireVPN (6); FlowVPN (4); KevinVPN (2); AnonymousVPN (1)
TRABIA,66,14,1,1,CyberGhost (19); IPVanish (10); WLVPN (10); Windscribe (6); Astrill (4); PureVPN (4); NordVPN (3); TorGuard (3); ExpressVPN (2); Private Internet Access (2)
NEXEON,65,5,1,1,NordVPN (39); Sentinel dVPN (14); TorGuard (7); Astrill (4); Surfshark (1)
SOFTLAYER,64,2,1,1,Astrill (63); FlowVPN (1)
WORLDSTREAM,60,4,1,1,ProtonVPN (50); Astrill (7); Trust.Zone (2); Freevpn (1)
CLOUDSINGULARITY,59,4,1,1,AirVPN (48); Mullvad (8); IVPN (2); AzireVPN (1)
INT-5GN-AS-AP 5G NETWORK OPERATIONS PTY LTD,59,10,1,1,Windscribe (18); VPN.ac (10); WiTopia (9); AirVPN (8); TorGuard (7); PrivateVPN (3); GhostPath (2); PureVPN (1); Sentinel dVPN (1); Trust.Zone (1)
IST-AS,59,7,1,1,CyberGhost (38); Astrill (8); WiTopia (5); ExpressVPN (3); Private Internet Access (3); ProtonVPN (1); Zoogvpn (1)
CREANOVA-AS Oy Creanova Hosting Solutions Ltd.,58,16,1,1,IPVanish (14); WLVPN (14); Mullvad (6); Anonine (5); Astrill (5); BoxPN (5); EasyHideIP (5); FrootVPN (5); WiTopia (4); TorGuard (3)
PACKETEXCHANGE,57,7,1,2,CyberGhost (35); Private Internet Access (6); Windscribe (6); NordVPN (5); Cryptostorm (2); ExpressVPN (2); ProtonVPN (1)
HURRICANE,56,3,1,1,Astrill (54); NetShade (1); Sentinel dVPN (1)
PLI-AS,56,18,1,2,Kompot VPN (13); SwitchVPN (9); Windscribe (9); Anonine (5); BoxPN (5); EasyHideIP (5); FrootVPN (5); Mullvad (4); WiTopia (4); Astrill (3)
IOMART-AS,51,14,1,2,VPNUK (14); Anonine (5); BoxPN (5); FlowVPN (5); HideIPVPN (5); WiTopia (5); CactusVPN (4); VPN Unlimited (3); VPN.ac (3); Cryptostorm (2)
AkileCloud Network,50,1,1,1,Sentinel dVPN (50)
FDCSERVERS,50,6,1,2,Astrill (36); Proxpn (8); VPN Unlimited (3); Anonvpn (1); CactusVPN (1); GhostPath (1)
"KEMINET A datacenter located in TiranaAlbania. Webhosting, Dedicated Servers, VPS, IPv4IPv6 leasing",50,11,1,1,CyberGhost (15); IPVanish (7); WLVPN (7); Mullvad (4); PureVPN (4); ExpressVPN (3); Private Internet Access (3); Windscribe (3); ProtonVPN (2); Ivacy (1)
LEASEWEB-NL-AMS-01 Netherlands,50,14,1,1,Anonine (10); BoxPN (10); EasyHideIP (10); FrootVPN (10); VPN.ac (9); IVPN (7); SwitchVPN (5); WiTopia (5); Astrill (3); HideIPVPN (3)
LIMESTONENETWORKS,49,9,1,1,TunnelBear (16); PureVPN (11); Astrill (10); Sentinel dVPN (4); ExpressVPN (3); ProtonVPN (2); VPN Unlimited (2); Ivacy (1); Private Internet Access (1)
NTT-GLOBAL-DATA-CENTERS-AMERICA-INC,46,1,1,1,WiTopia (46)
BASEIP-LAX,44,1,1,1,Privado (44)
OWL Owl Limited,44,2,1,1,Mullvad (42); AzireVPN (2)
SITEHOST-AS-AP SiteHost New Zealand,44,2,1,1,AirVPN (24); TunnelBear (20)
LEASEWEB-USA-LAX,43,5,1,1,WiTopia (25); Astrill (14); VPN Unlimited (2); Le VPN (1); OysterVPN (1)
RIXHOST,43,3,1,1,AirVPN (32); Windscribe (6); WiTopia (5)
"ALIBABA-CN-NET Alibaba US Technology Co., Ltd.",41,3,1,2,VPN Jantit (22); Sentinel dVPN (17); WorldVPN (2)
VELIANET-AS velia.net Internetdienste GmbH,41,5,1,1,Astrill (16); CyberGhost (13); Sentinel dVPN (7); ExpressVPN (4); NetShade (1)
HINET Data Communication Business Group,40,4,1,1,Astrill (28); Windscribe (6); Sentinel dVPN (4); FlowVPN (2)
PVDATANET,39,1,1,9,PrivateVPN (39)
HERNLABS,38,1,1,1,Opera VPN (38)
PARAD-40-ASN,38,2,1,1,Giganews (19); VyprVPN (19)
WII,36,4,1,1,Astrill (31); CactusVPN (2); Sentinel dVPN (2); VPNUK (1)
MASSIVEGRID,35,2,1,1,Sentinel dVPN (34); VPN Jantit (1)
MELBICOM-EU-AS Melbikomas UAB,35,7,2,2,Astrill (19); PureVPN (8); FlowVPN (2); Ivacy (2); Sentinel dVPN (2); BTGuard (1); Zoogvpn (1)
LEASEWEB-APAC-HKG-10 LEASEWEB HONG KONG LIMITED,34,11,1,1,TunnelBear (16); Astrill (6); VPN.ac (3); IVPN (2); CactusVPN (1); OysterVPN (1); Proxpn (1); Safervpn (1); Sentinel dVPN (1); VPNSecure (1)
HR-CUSTOMER,33,5,1,3,NordVPN (16); IPVanish (6); WLVPN (6); Surfshark (3); Mullvad (2)
BANDWIDTH-ASIA,31,2,1,1,NordVPN (30); FastestVPN (1)
LEASEWEB-USA-NYC,31,2,1,1,WiTopia (25); Astrill (6)
NAMECHEAP-NET,31,1,1,1,Astrill (31)
GTT-BACKBONE GTT,30,4,1,2,CyberGhost (12); NordVPN (12); Astrill (4); Private Internet Access (2)
KAOPU-HK Kaopu Cloud HK Limited,30,7,1,10,OysterVPN (8); VPN Jantit (8); Zoogvpn (6); FlowVPN (3); Sentinel dVPN (3); CactusVPN (1); Le VPN (1)
AS56971 AS56971 Cloud,29,2,1,2,Sentinel dVPN (19); WorldVPN (10)
Data Miners S.A.  Racknation.cr,29,9,1,1,IPVanish (10); WLVPN (10); Anonine (5); BoxPN (5); EasyHideIP (5); FrootVPN (5); StrongVPN (2); FlowVPN (1); Sentinel dVPN (1)
BASEIP,28,1,1,1,Privado (28)
BLIX,28,4,1,1,Mullvad (23); AzireVPN (2); PrivateVPN (2); SwitchVPN (1)
ESECUREDATA,28,11,1,1,WiTopia (10); Anonine (7); BoxPN (7); EasyHideIP (7); FrootVPN (7); VPN Unlimited (5); Trust.Zone (2); VPN.ac (2); Froot (1); PrivateVPN (1)
KIXS-AS-KR Korea Telecom,26,4,1,1,VPN Gate (18); Astrill (4); FlowVPN (2); Sentinel dVPN (2)
LEASEWEB-USA-CHI,25,2,1,1,WiTopia (20); Astrill (5)
PILOT,25,2,1,1,VPN Unlimited (20); Hotspotshield (5)
BINBOX-GLOBAL-SERVICES,24,1,1,1,CyberGhost (24)
EDIS-AS-EU,24,8,1,4,GhostPath (7); Safervpn (5); Astrill (4); Le VPN (4); FlowVPN (2); SlickVPN (1); Smartdnsproxy (1); SwitchVPN (1)
GCS-AS,24,3,1,1,VPN Jantit (18); Kompot VPN (4); FlowVPN (2)
LEASEWEB-USA-SEA,24,5,1,1,WiTopia (10); Astrill (6); VPN Unlimited (3); VPN.ac (3); Cryptostorm (2)
MYLOC-AS IP Backbone of WIIT AG formerly myLoc managed IT AG,24,10,1,1,Anonine (11); BoxPN (11); EasyHideIP (11); FrootVPN (11); VPN Unlimited (4); Cryptostorm (2); FastestVPN (2); Sentinel dVPN (2); Zoogvpn (2); VPNUK (1)
VNPT-AS-VN VNPT Corp,24,3,1,1,Sentinel dVPN (10); FlowVPN (8); Windscribe (6)
DELUXHOST,23,3,1,2,Sentinel dVPN (21); FreeVPN (1); KevinVPN (1)
EGIHOSTING,23,2,1,1,Astrill (19); WiTopia (4)
GIGABIT-MY Gigabit Hosting Sdn Bhd,23,5,1,1,AirVPN (8); Astrill (6); WiTopia (5); IVPN (3); SwitchVPN (1)
HQSERV_NETWORKS,23,9,1,1,Anonine (10); BoxPN (10); EasyHideIP (10); FrootVPN (10); Windscribe (6); IVPN (2); RedShield VPN (2); TorGuard (2); Zoogvpn (1)
EHOSTIDC-AS-KR Hostcenter,22,11,1,1,Astrill (6); Anonine (5); BoxPN (5); EasyHideIP (5); FrootVPN (5); WiTopia (5); FlowVPN (2); FastestVPN (1); Surfshark (1); SwitchVPN (1)
LEASEWEB-USA-DAL,22,3,1,1,WiTopia (15); Astrill (5); Cryptostorm (2)
ON2644819-NET,22,1,1,1,Psiphon (22)
PROTONVPN,22,1,1,1,ProtonVPN (22)
XTOM-AS-JP xTom,22,3,1,1,IPVanish (10); WLVPN (10); ProtonVPN (2)
DIGITURUNC,21,2,1,1,WiTopia (20); Astrill (1)
GREENFLOID-AS,21,3,1,2,WorldVPN (14); VPN Jantit (6); AnonymousVPN (1)
H4Y-TECHNOLOGIES,21,4,1,1,Windscribe (12); WiTopia (5); Cryptostorm (2); GhostPath (2)
PERFORMIVE,21,5,1,1,Astrill (8); Windscribe (6); ProtonVPN (4); TorGuard (2); StrongVPN (1)
SONDATECH S.A.S.,21,1,1,1,Windscribe (21)
AMAZON-02,20,2,1,1,Perimeter81 (16); FlowVPN (4)
ASSEFLOW,20,9,1,1,SwitchVPN (5); Astrill (4); WiTopia (4); VPNUK (2); AnonymousVPN (1); OVPN (1); Smartdnsproxy (1); TunnelBear (1); Zoogvpn (1)
AXCELX-NET,20,4,1,1,WiTopia (10); Windscribe (9); GhostPath (1); SlickVPN (1)
GCORE,20,7,1,3,PureVPN (8); PrivateVPN (3); CactusVPN (2); FlowVPN (2); Ivacy (2); VPN Jantit (2); IVPN (1)
ASN-GIGENET,19,3,1,1,Astrill (12); Sentinel dVPN (5); KevinVPN (2)
ASN-VO Visual Online S.A. Luxembourg,18,5,1,1,Anonine (14); BoxPN (14); EasyHideIP (14); FrootVPN (14); Astrill (4)
CWCS-VM CompuWeb Communications Services Ltd,18,1,1,1,VPNUK (18)
DARTNODE,18,3,1,1,Sentinel dVPN (15); KevinVPN (2); FreeVPN (1)
DATAFOREST,18,2,1,1,Vpnht (15); Sentinel dVPN (3)
FREE RANGE CLOUD,18,2,1,1,Windscribe (16); FlowVPN (2)
GRANSY Gransy s.r.o. gransy.com,18,1,1,1,SSHMax (18)
LEASEWEB-DE-FRA-10,18,4,1,1,VPN.ac (8); Astrill (7); IVPN (2); VPNUK (1)
NOCIX,18,8,1,1,WiTopia (8); Astrill (3); Sentinel dVPN (2); VPNUK (2); FlowVPN (1); GhostPath (1); Hide.me (1); SlickVPN (1)
PROTONVPN-2,18,1,1,1,ProtonVPN (18)
WITOPIA-AS1,18,1,1,1,WiTopia (18)
FORTIS-AS Hosting services,17,2,1,2,VPN Jantit (16); FreeVPN (1)
GIGAHOST,17,6,1,1,TorGuard (11); Anonine (5); BoxPN (5); EasyHideIP (5); FrootVPN (5); GhostPath (1)
INTERNETBOLAGET,17,1,1,1,NordVPN (17)
NETMINDERS,17,4,1,1,VPN.ac (6); PureVPN (5); Astrill (4); SwitchVPN (2)
PERFECT-INTERNATIONAL,17,2,1,1,Astrill (16); FlowVPN (1)
RELIABLESITE,17,5,1,1,Kompot VPN (8); Astrill (5); GhostPath (2); RedShield VPN (2); SlickVPN (1)
TELEKS-,17,4,1,1,CyberGhost (10); Windscribe (3); NordVPN (2); Private Internet Access (2)
AMC,16,1,1,1,TunnelBear (16)
SOFTETHER-AMERICA,16,1,1,1,VPN Gate (16)
TELE-AS Tele Asia Limited,16,6,1,1,SwitchVPN (10); Anonine (5); BoxPN (5); EasyHideIP (5); FrootVPN (5); CactusVPN (1)
"TWELVE99 Arelion, fka Telia Carrier",16,3,1,3,PrivateVPN (11); AzireVPN (4); AnonymousVPN (1)
ANL-36,15,1,1,1,Sentinel dVPN (15)
ARTNET,15,7,1,1,Anonine (9); BoxPN (9); EasyHideIP (9); FrootVPN (9); Windscribe (3); Surfshark (2); Trust.Zone (1)
DEHOST-INTERNET-VE-BILISIM-TEKNOLOJILERI-SAN-TIC-LTD-STI DEHOST INTERNET VE BILISIM TEKNOLOJILERI SANAYI TICARET LIMITED SIRKETI,15,1,1,1,Sentinel dVPN (15)
FSNET-1,15,5,1,1,BoxPN (15); Anonine (14); EasyHideIP (14); FrootVPN (14); Froot (3)
GORILLASERVERS,15,2,1,1,Astrill (14); FlowVPN (1)
GTCOMM,15,9,1,1,FrootVPN (5); Anonine (4); BoxPN (4); EasyHideIP (4); SmartVPN (3); Trust.Zone (3); Astrill (2); GhostPath (2); Froot (1)
GTS-BACKBONE GTS Telecom,15,1,1,1,CyberGhost (15)
IDNIC-ATHARVA-AS-ID PT Atharva Telematika Persada,15,1,1,1,Windscribe (15)
KEYUBU,15,1,1,1,Sentinel dVPN (15)
LINVEO-LLC,15,2,1,1,Sentinel dVPN (11); KevinVPN (4)
MADCOM-ASN,15,3,1,1,NordVPN (7); Windscribe (6); Astrill (2)
NETVAY,15,1,1,1,Sentinel dVPN (15)
SOLID,15,2,1,1,Sentinel dVPN (11); KevinVPN (4)
VELOXSERV,15,4,1,2,FastestVPN (5); Mullvad (4); Sentinel dVPN (4); AzireVPN (2)
XTOM-JAPAN xTom Japan Corporation,15,3,1,1,Astrill (11); ProtonVPN (2); Sentinel dVPN (2)
24SHELLS,13,1,1,1,Astrill (13)
GHOST,13,7,1,2,Le VPN (5); AnonymousVPN (2); Smartdnsproxy (2); KevinVPN (1); PrivateVPN (1); VPN Jantit (1); uVPN (1)
LEAPSWITCH-IN-AS-AP LEAPSWITCH NETWORKS PRIVATE LIMITED,13,3,1,1,Windscribe (6); WiTopia (5); Astrill (2)
PONYNET,13,3,1,3,FreeVPN (10); FlowVPN (2); VPN Jantit (1)
SERVERS-COM,13,6,1,2,ProtonVPN (5); WiTopia (4); GhostPath (1); HideIPVPN (1); PrivateVPN (1); SwitchVPN (1)
SUPERNET-UK,13,1,1,1,Astrill (13)
TIER-NET,13,3,1,1,Astrill (6); Surfshark (6); GhostPath (1)
UNMANAGED-DEDICATED-SERVERS,13,1,1,1,Sentinel dVPN (13)
ASNET,12,4,1,3,Sentinel dVPN (7); FlowVPN (3); FreeVPN (1); WorldVPN (1)
FAIRYHOSTING,12,5,1,1,Kompot VPN (8); FlowVPN (1); GhostPath (1); PrivateVPN (1); Zoogvpn (1)
FLOKINET,12,3,1,1,VPN.ac (8); Windscribe (3); IVPN (1)
GF-UA,12,3,1,2,WorldVPN (5); VPN Unlimited (4); VPN Jantit (3)
LEASEWEB-APAC-SIN-11 LEASEWEB SINGAPORE PTE. LTD.,12,4,1,1,Astrill (4); VPN.ac (4); Proxpn (2); Sentinel dVPN (2)
LEASEWEB-USA-PHX,12,3,1,1,Astrill (5); WiTopia (5); PureVPN (2)
ORG-LVA15-AS,12,2,1,1,Astrill (11); Vpnht (1)
RADORE,12,6,1,1,Anonine (6); BoxPN (6); EasyHideIP (6); FrootVPN (6); Sentinel dVPN (5); Trust.Zone (1)
TIER4CLOU-AS Tier 4 Cloud Services,12,2,1,1,Astrill (7); WiTopia (5)
xneelo,12,8,1,1,Astrill (3); FlowVPN (2); PrivateVPN (2); FastestVPN (1); Safervpn (1); Sentinel dVPN (1); VPN Unlimited (1); Zoogvpn (1)
ALMOUROLTEC,11,7,1,1,Astrill (3); TorGuard (3); IVPN (2); FlowVPN (1); PrivateVPN (1); Sentinel dVPN (1); VPN.ac (1)
ANGANI-AS,11,1,1,1,CyberGhost (11)
ARUBA-ASN,11,4,1,1,WorldVPN (5); VPN Unlimited (4); CactusVPN (1); FlowVPN (1)
FIBERFI,11,2,1,1,Astrill (6); WiTopia (5)
HOSTODO,11,1,1,1,Sentinel dVPN (11)
IOMART-IE,11,6,1,1,Anonine (7); BoxPN (7); EasyHideIP (7); FrootVPN (7); VPNSecure (3); VPNUK (1)
VIRTUALSYSTEMS,11,8,1,1,Anonine (7); BoxPN (7); EasyHideIP (7); FrootVPN (7); CactusVPN (1); FlowVPN (1); Trust.Zone (1); Zoogvpn (1)
WEBHORIZON-AS-AP WebHorizon Internet Services,11,2,1,1,Sentinel dVPN (9); KevinVPN (2)
WEHOSTWEBSITES-COM,11,2,1,1,WiTopia (10); VPN.ac (1)
BEANFIELD,10,1,1,1,Psiphon (10)
HVC-AS,10,4,1,1,Astrill (4); VPN.ac (4); GhostPath (1); VPNUK (1)
KDDI KDDI CORPORATION,10,1,1,1,VPN Gate (10)
LEASEWEB-USA-SFO,10,3,1,1,Astrill (7); VPN.ac (2); VPN Unlimited (1)
PEG-SV,10,2,1,1,Astrill (8); Sentinel dVPN (2)
SERVETHEWORLD-AS,10,6,1,1,Astrill (5); IVPN (2); Getflix (1); Safervpn (1); Smartdnsproxy (1); VPN.ac (1)
THORDC-AS,10,7,1,1,WiTopia (4); GhostPath (1); IVPN (1); Le VPN (1); PrivateVPN (1); Proxpn (1); Sentinel dVPN (1)
WERIDATA-LLC,10,1,1,1,Sentinel dVPN (10)
WIPAK-AS,10,1,1,1,Vpnht (10)
XTOM xTom GmbH,10,2,1,1,Sentinel dVPN (6); Astrill (4)
AFRIHOST-SP,9,1,1,1,Windscribe (9)
AMARUTU-TECHNOLOGY,9,3,1,2,PureVPN (6); Ivacy (2); Trust.Zone (1)
ASN-XTUDIONET,9,4,1,1,Anonine (9); BoxPN (9); EasyHideIP (9); FrootVPN (9)
CHERRYSERVERS1-AS,9,3,1,1,Astrill (4); Psiphon (4); VPN.ac (1)
CYBERCON,9,1,1,1,Astrill (9)
DEXDC,9,1,1,1,Sentinel dVPN (9)
H2NEXUS-AS,9,3,1,1,Sentinel dVPN (4); SotaVPN (4); FlowVPN (1)
I-SERVERS-EAST,9,1,1,1,Sentinel dVPN (9)
ITL-BG,9,3,1,2,WorldVPN (5); AnonymousVPN (2); VPN Jantit (2)
MAJESTIC-HOSTING-01,9,2,1,1,Sentinel dVPN (6); Astrill (3)
ONLYSERVERS Dedicated Server Hosting Provider,9,3,1,1,Vpnht (5); Kompot VPN (3); Sentinel dVPN (1)
OWL-AS-AP Owl Limited,9,2,1,1,Mullvad (8); AzireVPN (1)
PRIVATE-NETWORKS,9,1,1,1,RedShield VPN (9)
SCLOUDPTELTD-AS Scloud Pte Ltd,9,1,1,1,FlowVPN (9)
SHINJIRU-MY-AS-AP Shinjiru Technology Sdn Bhd,9,6,1,1,Anonine (5); BoxPN (5); EasyHideIP (5); FrootVPN (5); Astrill (3); CactusVPN (1)
"SIAMDATA-TH Siamdata Communication Co.,Ltd.",9,2,1,1,Windscribe (6); VPN Jantit (3)
SKB-AS SK Broadband Co Ltd,9,3,1,1,FlowVPN (3); VPN Gate (3); Windscribe (3)
VDI-NETWORK,9,1,1,1,Windscribe (9)
WINDSCRIBE,9,1,1,1,Windscribe (9)
ZAPPIE-HOST-AS Zappie Host,9,4,1,1,VPN Unlimited (6); FlowVPN (1); Safervpn (1); Vpnht (1)
1GSERVERS,8,1,1,1,Sentinel dVPN (8)
BT-UK-AS BTnet UK Regional network,8,1,1,1,NordVPN (8)
CONTABO,8,1,1,1,Sentinel dVPN (8)
ENDOFFICE,8,3,1,1,NordVPN (4); Astrill (2); Sentinel dVPN (2)
GLOBALHOST-BOSNIA-AS,8,3,1,1,Windscribe (4); Astrill (3); ProtonVPN (1)
HOSTEROID,8,1,1,1,Sentinel dVPN (8)
HSI-EUROPE,8,3,1,2,Astrill (6); GhostPath (1); NetShade (1)
ILAIT,8,1,1,1,PrivateVPN (8)
NEWPUSH,8,2,1,1,FlowVPN (7); Safervpn (1)
ORACLE-BMC-31898,8,2,1,1,MoriVPN (4); Sentinel dVPN (4)
RAVNIX,8,1,1,1,Sentinel dVPN (8)
SERVER24-AS INCUBATEC GmbH - Srl,8,4,1,1,Anonine (8); BoxPN (8); EasyHideIP (8); FrootVPN (8)
SERVERHUB-NL,8,1,1,1,Astrill (8)
SSASN2,8,3,1,1,Astrill (5); FlowVPN (2); GhostPath (1)
TELE2,8,4,1,2,PureVPN (6); Ivacy (3); ProtonVPN (1); VPN Gate (1)
VIVIDHOSTING,8,1,1,1,NordVPN (8)
AKTON-AS Akton Autonomous System,7,2,1,1,VPN Unlimited (6); Astrill (1)
AS-30083-US-VELIA-NET,7,3,1,1,Astrill (4); VPN Unlimited (2); VPN.ac (1)
ASDETUK www.heficed.com,7,6,1,1,Smartdnsproxy (2); AnonymousVPN (1); FlowVPN (1); SwitchVPN (1); Trust.Zone (1); VPN.ac (1)
CENTAURUS_AGENA3000,7,1,1,1,Vpnht (7)
COMFACCORPORATION-AS-AP COMFAC CORPORATION,7,2,1,1,VPN Jantit (4); FlowVPN (3)
CYTA-NETWORK Internet Services,7,2,1,1,Windscribe (6); PrivateVPN (1)
DASABO,7,1,1,1,Sentinel dVPN (7)
ENZUINC-,7,4,1,1,VPN Unlimited (3); Astrill (2); Smartdnsproxy (2); Getflix (1)
GIGAINFRA SoftBank Corp.,7,1,1,1,VPN Gate (7)
IDC-AS-AP Dromatics Systems Pte Ltd,7,1,1,1,Sentinel dVPN (7)
INT-NETWORK,7,2,1,1,VPN.ac (5); HideIPVPN (2)
INTERHOST,7,4,1,1,WiTopia (4); GhostPath (1); SmartVPN (1); Zoogvpn (1)
ITL-LV,7,3,1,2,WorldVPN (5); FlowVPN (1); Trust.Zone (1)
KVCNET-2009,7,1,1,1,Astrill (7)
"LAIN we love lain, cats and the world wide web",7,1,1,1,Sentinel dVPN (7)
NOVOSERVE-AS,7,1,1,1,ProtonVPN (7)
OUIHEBERG,7,2,1,1,Sentinel dVPN (4); KevinVPN (3)
ROSTELECOM-AS PJSC Rostelecom. Technical Team,7,2,1,1,VPNObratno (6); VPN Gate (1)
SOVAM-AS,7,2,1,1,Astrill (4); Windscribe (3)
SPARKED,7,2,1,1,Sentinel dVPN (5); VPN Jantit (2)
THEOPT-HOU,7,4,1,1,Astrill (3); VPN Unlimited (3); GhostPath (1); SlickVPN (1)
TIMEWEB-AS,7,2,1,1,Kompot VPN (4); KeyDrop (3)
WEBHS WEBSP LDA,7,3,1,1,WiTopia (5); FastestVPN (1); GhostPath (1)
XTOM xTom,7,2,1,1,Mullvad (5); Astrill (2)
ACEHOST,6,1,1,1,Windscribe (6)
ALEXHOST,6,3,1,2,CactusVPN (2); Cryptostorm (2); Sentinel dVPN (2)
AS-NETWORKEDGE,6,1,1,1,Windscribe (6)
CLOUDWEBMANAGE-,6,4,1,1,Astrill (3); FlowVPN (1); Sentinel dVPN (1); VPNSecure (1)
DATALOGISTICS,6,1,1,1,Windscribe (6)
Dattatec.com,6,2,1,1,FlowVPN (3); Sentinel dVPN (3)
ELD-AS-AP Edgenext Legend Dynasty Pte. Ltd.,6,1,1,1,Sentinel dVPN (6)
FIBERSTATE,6,2,1,1,Astrill (3); Sentinel dVPN (3)
HEARTBEAT-IT,6,2,1,1,Sentinel dVPN (4); KevinVPN (2)
HUGESERVER-NETWORKS,6,1,1,1,Astrill (6)
IDIGITAL,6,6,1,1,Anonine (5); BoxPN (5); EasyHideIP (5); FrootVPN (5); FlowVPN (1); Froot (1)
IFX18747,6,2,1,5,PrivateVPN (5); AzireVPN (1)
InterBS S.R.L. BAEHOST,6,2,1,1,Astrill (5); FlowVPN (1)
JONE,6,1,1,1,Mullvad (6)
LEASEWEB-USA-WDC,6,5,1,1,Cryptostorm (2); FastestVPN (1); HideIPVPN (1); Ivacy (1); PureVPN (1)
LINKdotNET-AS,6,1,1,1,Sentinel dVPN (6)
LITESERVER,6,4,1,1,FreeVPN (2); SotaVPN (2); Safervpn (1); Zoogvpn (1)
METRABYTE-TH 453 Ladplacout Jorakhaebua,6,2,1,1,WiTopia (5); Zoogvpn (1)
MYSTICDEVIO,6,1,1,1,Sentinel dVPN (6)
NINE,6,5,1,1,PhantomPeer (2); GhostPath (1); Proxpn (1); Safervpn (1); SmartVPN (1)
OPTIMUS-AS,6,3,1,1,VPN Unlimited (4); GhostPath (1); SmartVPN (1)
PROSERVICE,6,3,1,1,Windscribe (3); ExpressVPN (2); Zoogvpn (1)
QNAX LTDA,6,4,1,1,Windscribe (3); CactusVPN (1); IVPN (1); PrivateVPN (1)
SECURITYNET-AS,6,2,1,1,FlowVPN (4); GhostPath (2)
SERVERASTRA-AS,6,4,1,1,Astrill (3); GhostPath (1); VPN Jantit (1); Zoogvpn (1)
"SERVERFIELD-AS Serverfield Co., Ltd.",6,3,1,2,Astrill (4); GhostPath (1); Hotspotshield (1)
SKYNET-CY-AS,6,1,1,1,Windscribe (6)
TTM,6,2,1,1,Trust.Zone (5); Sentinel dVPN (1)
UNMETERED,6,1,1,1,Windscribe (6)
YURTEH-AS,6,3,1,1,Astrill (3); AnonymousVPN (2); Hotspotshield (1)
AS-ANEXIA ANEXIA Internetdienstleistungs GmbH,5,1,1,1,Vpnht (5)
AS-CATIXS-AKA,5,1,1,1,Sentinel dVPN (5)
AS45671-NET-AU Wholesale Services Provider,5,4,1,1,Private Internet Access (2); Smartdnsproxy (2); CyberGhost (1); Getflix (1)
ASERGO-AS,5,4,1,1,Astrill (3); Getflix (1); Smartdnsproxy (1); Vpnht (1)
AVAHOHST,5,2,1,1,Sentinel dVPN (4); FlowVPN (1)
BYTEVIRTLLC,5,2,1,1,FlowVPN (4); Zoogvpn (1)
CB-BYO-IP,5,1,1,1,WorldVPN (5)
CNSERVER-AP-AS CNServer LLC,5,1,1,1,WiTopia (5)
COMVIVE-AS Seville - Spain,5,5,1,1,GhostPath (1); Le VPN (1); Safervpn (1); SmartVPN (1); VPNUK (1)
"COREIX-UK-AS London, Great Britain",5,1,1,1,SwitchVPN (5)
FOURPLEX-ASN,5,1,1,1,KevinVPN (5)
GIR-AS,5,2,1,1,Kompot VPN (3); VPN Jantit (2)
HALIL-OMER-TEKIN,5,1,1,1,Sentinel dVPN (5)
HOSTEONS-AS-AP Hosteons Pte. Ltd.,5,1,1,1,Sentinel dVPN (5)
HZ-EU-AS,5,3,1,1,Trust.Zone (2); VPN Unlimited (2); VPN Jantit (1)
IFOG-GMBH,5,1,1,1,FlowVPN (5)
INTERSTAR,5,1,1,1,WiTopia (5)
IS-AS-1,5,2,1,1,VPN.ac (3); Sentinel dVPN (2)
KAZTELECOM-AS,5,2,1,1,Sentinel dVPN (3); VPN Jantit (2)
"M247-UK M247 UK Ltd, trading as M247",5,4,1,1,Trust.Zone (2); Cryptostorm (1); Goosevpn (1); IVPN (1)
MEVSPACE,5,1,1,1,Kompot VPN (5)
NETWIRE-INC,5,1,1,1,Sentinel dVPN (5)
NOVOSERVE-CUSTOMERS-AS NovoServe Customers ASN,5,1,1,1,ProtonVPN (5)
ONEASIAHOST OneAsiaHost,5,1,1,1,VPN Jantit (5)
PROMO-PLUS,5,1,1,1,Sentinel dVPN (5)
PSKZ-ALA,5,1,1,1,Kompot VPN (5)
ROYALE-AS,5,2,1,1,Sentinel dVPN (3); KevinVPN (2)
RYAMER,5,2,1,1,Windscribe (3); AzireVPN (2)
Red Cientifica Peruana,5,1,1,1,Sentinel dVPN (5)
SAS-SHPV-FRANCE,5,1,1,1,Freedomip (5)
SERVER server.ua,5,5,1,1,AzireVPN (1); CactusVPN (1); IVPN (1); PrivateVPN (1); Trust.Zone (1)
SERVERSTADIUM,5,3,1,1,Astrill (3); Safervpn (1); VPN Unlimited (1)
SKHRON Skhron OU: skhron.eu,5,1,1,1,Sentinel dVPN (5)
TWO-DEGREES-AS-AP Two Degrees Networks Limited,5,2,1,1,Astrill (4); Sentinel dVPN (1)
VECTANT ARTERIA Networks Corporation,5,2,1,1,VPN Gate (3); FlowVPN (2)
VIETEL-AS-AP Viettel Group,5,2,1,1,WiTopia (4); VPN Gate (1)
WCZAPKOWICZ-AS as214481as-wczapkowicz Chunkserve Backbone Transit,5,1,1,1,Sentinel dVPN (5)
WEBENLET-AS,5,1,1,1,Astrill (5)
WEBEX,5,1,1,1,WiTopia (5)
WEBWORLD-AS ta Web World Ireland,5,3,1,2,Astrill (3); OysterVPN (1); VPNUK (1)
WESTHOST,5,1,1,1,Mullvad (5)
XSERVERCLOUD,5,5,1,1,AnonymousVPN (1); FastestVPN (1); IVPN (1); Sentinel dVPN (1); VPN Unlimited (1)
ZAYO-6461,5,2,1,1,Private Internet Access (3); CyberGhost (2)
ABKHAZMEDIA-AS,4,1,1,1,Sentinel dVPN (4)
ACTIVE-SERVERS active-servers.com,4,1,1,1,Astrill (4)
AS-CYBER-DATA,4,1,1,1,Mullvad (4)
ASBAXETN,4,1,1,1,Sentinel dVPN (4)
Administracion Nacional de Telecomunicaciones,4,1,1,1,Sentinel dVPN (4)
Autonomous System for Dataspace P.S.A.,4,1,1,1,PrivateVPN (4)
BAGE,4,1,1,1,FlowVPN (4)
BINARYRACKS-AS,4,2,1,1,Astrill (3); FlowVPN (1)
BYTENODE-AS,4,1,1,1,Mullvad (4)
"CAT-AP The Communication Authoity of Thailand, CAT",4,2,1,1,TorGuard (4); Sentinel dVPN (1)
CIVO-UK,4,1,1,1,FlowVPN (4)
CLOUDFLARENET,4,1,1,1,KevinVPN (4)
CLOUDLEASE,4,2,1,1,Astrill (3); Trust.Zone (1)
COOPNORGE,4,1,1,1,Sentinel dVPN (4)
DATABRIDGE,4,1,1,1,Mullvad (4)
DELTAHOST-KYIV,4,3,1,1,VPNSecure (2); FlowVPN (1); GhostPath (1)
EDGECENTERLLC,4,1,1,1,FlowVPN (4)
EVOLUS-IX,4,1,2,1,KevinVPN (4)
FARDA-IX-LINK,4,1,1,1,Psiphon (4)
FIRST-SERVER-EU-AS FIRST-SERVER-US,4,2,1,1,Trust.Zone (2); VPN Jantit (2)
GNETINC-AS-AP GNET INC.,4,1,1,1,Astrill (4)
HAYASHIMO,4,1,1,1,Mullvad (4)
HON-ASN,4,1,1,1,Astrill (4)
HOSTBILBY,4,2,1,1,KevinVPN (2); Sentinel dVPN (2)
HOSTKEY-USA,4,1,1,1,Astrill (4)
HOSTUP HOSTUP,4,2,1,1,KevinVPN (2); Sentinel dVPN (2)
HUTCHISON-AS-AP HGC Global Communications Limited,4,1,1,1,Astrill (4)
IDNIC-BIZNETGIO-AS-ID PT Biznet Gio Nusantara,4,2,1,1,VPN Jantit (3); Sentinel dVPN (1)
INTERNETPORT-AS,4,2,1,1,Astrill (3); Sentinel dVPN (1)
IOFLOOD,4,2,1,1,Astrill (3); SwitchVPN (1)
LERTAS-AS,4,2,1,1,Astrill (3); PrivateVPN (1)
NANO-AS,4,2,1,1,CCrypto VPN (2); Surfshark (2)
PHOENIXNAP-SRB,4,1,1,1,Astrill (4)
RACKVOLT-AS-AP RACKVOLT CLOUD SOLUTIONS PRIVATE LIMITED,4,1,1,1,Sentinel dVPN (4)
ROGERS-COMMUNICATIONS,4,1,1,1,NordVPN (4)
SELECTEL-MSK,4,1,1,1,WiTopia (4)
SENKO-AS Senko Digital Ltd,4,1,1,1,Sentinel dVPN (4)
SERVER-AS-AP Server Galactic Private Limited,4,1,1,1,Sentinel dVPN (4)
SERVERS-AUS-CUST Servers Australia Customers,4,1,1,1,Private Internet Access (4)
SO-NET Sony Network Communications Inc.,4,1,1,1,VPN Gate (4)
TANGRAM-CANADA-INC,4,2,1,1,AnonymousVPN (3); WorldVPN (1)
VERSATEL,4,1,1,1,NordVPN (4)
WEB2OBJECTS,4,1,1,1,NordVPN (4)
XTOM,4,1,1,1,Mullvad (4)
iHosting Servicios Internet Ltda.,4,2,1,1,TorGuard (3); GhostPath (1)
-Reserved AS-,3,1,2,2,Sentinel dVPN (3)
ACTIVENETWORK-AS Active Network S.p.A.,3,2,1,1,Sentinel dVPN (2); FlowVPN (1)
"ALWYZON Alwyzon, a trading name of Hohl IT e.U.",3,2,1,1,FlowVPN (2); Sentinel dVPN (1)
AS-SERVERION Serverion B.V.,3,2,1,1,Smartdnsproxy (3); Getflix (1)
ASN-METANET Routingpeering issues: noc@metanet.ch,3,1,1,1,VPNUK (3)
BAHNHOF,3,3,1,1,Integrityvpn (1); ProtonVPN (1); VPNSecure (1)
"BANGMODENTERPRISE-TH Bangmod Enterprise Co., Ltd.",3,3,1,1,AzireVPN (1); PrivateVPN (1); RedShield VPN (1)
BEGET-AS,3,1,1,1,KeyDrop (3)
BELCLOUD Premium IP transit network,3,1,1,1,Astrill (3)
BV-EU-AS,3,1,1,3,CactusVPN (3)
Banka Kombetare Tregtare Sh.A.,3,1,1,1,Vpnht (3)
CAPL-AS-AP Contabo Asia Private Limited,3,1,1,1,Sentinel dVPN (3)
CL8ASN1,3,3,1,1,FlowVPN (1); PrivateVPN (1); Safervpn (1)
CLOUDWEBMANAGE-UK-1,3,2,1,1,FlowVPN (2); VPNSecure (1)
"CTCX Chubu Telecommunications Company, Inc.",3,1,1,1,VPN Gate (3)
CYBERSE Cyberse GmbH & Co. KG,3,2,1,1,KevinVPN (2); FreeVPN (1)
DE-CORP DE-CORP,3,1,1,1,Windscribe (3)
DF-TRANSIT,3,1,1,1,Sentinel dVPN (3)
FIRST-SERVER-EUROPE,3,2,1,1,VPN Jantit (2); Sentinel dVPN (1)
GHT-NET,3,1,1,1,Sentinel dVPN (3)
HIZAKURA-,3,2,1,1,KevinVPN (2); Sentinel dVPN (1)
HOLLANDER-JACOBSEN,3,1,1,1,Sentinel dVPN (3)
HOSTPAT-AS-IN HOSTDZIRE WEB SERVICES PRIVATE LIMITED,3,1,1,1,Sentinel dVPN (3)
HS,3,1,1,1,Sentinel dVPN (3)
Host-Africa-AS,3,2,1,1,Sentinel dVPN (2); VPN Jantit (1)
IGNERO,3,1,1,1,Astrill (3)
IKOULA,3,1,1,1,Astrill (3)
INIOS-AS,3,2,1,1,PureVPN (2); Ivacy (1)
ITLDC-EU,3,2,1,2,WorldVPN (2); VPN Jantit (1)
ITM NORD AS,3,1,1,1,Sentinel dVPN (3)
IXIR,3,3,1,1,FastestVPN (1); OysterVPN (1); VPNUK (1)
"JTCL-JP-AS JCOM Co., Ltd.",3,1,1,1,VPN Gate (3)
KAMATERA,3,2,1,1,VPNSecure (2); FlowVPN (1)
KIRINONET,3,1,1,1,Astrill (3)
LACHANSO-VN Digital Shield Technology Company Limited,3,1,1,1,Windscribe (3)
LANCOM Athens - Greece,3,1,1,1,Astrill (3)
LGDACOM LG DACOM Corporation,3,1,1,1,Windscribe (3)
LUMEN-LEGACY-L3-CUSTOMER-SHARED-USE,3,1,1,1,WiTopia (3)
MADGEN-01,3,1,1,1,Astrill (3)
MAGNA-CAPAX,3,1,1,1,Astrill (3)
MASTER-AS Czech Republic  www.master.cz,3,2,1,1,Sentinel dVPN (2); AnonymousVPN (1)
MVPS www.mvps.net,3,1,1,1,Sentinel dVPN (3)
NETCUP-AS netcup GmbH,3,2,1,1,Sentinel dVPN (2); KeyDrop (1)
NETERRA-AS,3,1,1,1,Astrill (3)
"NNECL-AS-AP NZ Network Enterprise Co., Ltd.",3,1,1,1,Windscribe (3)
NUSANET-AS-ID PT. Media Antar Nusa,3,2,1,1,FreeVPN (2); Zoogvpn (1)
NUYEK,3,1,1,1,Sentinel dVPN (3)
OCN NTT Communications Corporation,3,1,1,1,VPN Gate (3)
PROLOCATION Prolocation,3,1,1,1,Goosevpn (3)
PROXAD,3,1,1,1,Sentinel dVPN (3)
RISEUP,3,1,1,1,Riseup VPN (3)
ROUTE95,3,2,1,1,WorldVPN (2); VPN Jantit (1)
ROUTERHOSTING,3,2,1,1,MoriVPN (2); Sentinel dVPN (1)
SERVITRO-LTD,3,1,1,1,Sentinel dVPN (3)
SILKGLOBAL DOMINICANA SRL,3,1,1,1,WiTopia (3)
SIMPLYTRANSIT,3,1,1,1,VPNUK (3)
SMARTAPE,3,2,1,1,CactusVPN (2); HideIPVPN (1)
SYNAPSECOM-AS SYNAPSECOM TELECOMS S.A.,3,2,1,1,VPN Unlimited (2); GhostPath (1)
THE-HOSTING,3,1,1,1,FlowVPN (3)
TWO-E-TELEKOM,3,1,1,1,Sentinel dVPN (3)
ULTAHOST-AP-AS,3,2,1,2,VPN Jantit (2); CactusVPN (1)
VAULT-HOST,3,1,1,1,Astrill (3)
VCL-AS-AP Virtury Cloud Private Limited,3,1,1,1,Astrill (3)
VDSINA,3,1,1,1,KeyDrop (3)
VEESP-AS,3,1,1,1,WorldVPN (3)
VIRMACH,3,1,1,1,Sentinel dVPN (3)
VITALNG,3,1,1,1,GhostPath (3)
VNPT-AS-VN VIETNAM POSTS AND TELECOMMUNICATIONS GROUP,3,1,1,1,Astrill (3)
VPLSNET,3,1,1,1,Windscribe (3)
WORLDBUS,3,1,2,1,FlowVPN (3)
YOTTASRC,3,1,1,1,Sentinel dVPN (3)
AIS-FIBRE-AS-AP AIS Fibre,2,1,1,1,VPN Gate (2)
ALJASKA-AS,2,1,1,1,Sentinel dVPN (2)
AMAZON-AES,2,1,1,1,Octanevpn (2)
ANTON-LEVIN-AS,2,1,1,1,Sentinel dVPN (2)
AS-3HCLOUD,2,1,1,1,KevinVPN (2)
AS-SERVERION,2,2,1,1,Smartdnsproxy (2); Getflix (1)
AS213929CH AS213929.ch,2,1,1,1,Sentinel dVPN (2)
ASN-FLEXENTIAL,2,1,1,1,Sentinel dVPN (2)
ATLANTIC-NET-1,2,3,1,1,Getflix (1); HideIPVPN (1); Smartdnsproxy (1)
ATT-INTERNET4,2,2,1,1,Goosevpn (1); Sentinel dVPN (1)
AXARNET-AS,2,1,1,1,Astrill (2)
BALTNETA Customers AS,2,2,1,1,AnonymousVPN (1); FlowVPN (1)
BIGLOBE BIGLOBE Inc.,2,1,1,1,VPN Gate (2)
C1V Internet Service Provider in Italy,2,1,1,1,Sentinel dVPN (2)
CABLENET-AS,2,1,1,1,ProtonVPN (2)
CARRIERDOMAIN-NYC,2,1,1,1,Sentinel dVPN (2)
COLOCATEL-INC Colocatel Network - High Bandwidth Dedicated Servers,2,1,1,1,Sentinel dVPN (2)
COMCAST-7922,2,1,1,1,Sentinel dVPN (2)
COOLHOUSING-AS Vinohradska 190,2,1,1,1,Astrill (2)
CORE-BACKBONE CORE-BACKBONE GMBH GLOBAL NETWORK,2,2,1,1,FlowVPN (1); GhostPath (1)
CROWNCLOUD,2,1,1,1,Sentinel dVPN (2)
CSLOX-IDC-AS-AP CS LOXINFO Public Company Limited.,2,1,1,1,Astrill (2)
CTRLS-AS-IN CtrlS,2,1,1,1,Astrill (2)
DAINTERNATIONALGROUP,2,1,1,1,Sentinel dVPN (2)
DCE,2,1,1,1,Surfshark (2)
DOT,2,1,1,1,VPNSecure (2)
ELCRO-DIGITAL-SERVICES-LLC,2,1,1,1,Sentinel dVPN (2)
"ETPI-IDS-AS-AP Eastern Telecoms Phils., Inc.",2,1,1,1,VPN Jantit (2)
EVOCATIVE-GLOBAL,2,2,1,1,CyberGhost (1); Private Internet Access (1)
EVOXTENTERPRISE-AS-AP Evoxt Enterprise,2,2,1,1,FlowVPN (1); Sentinel dVPN (1)
FARICE-AS,2,1,1,1,ProtonVPN (2)
FASTPANDA,2,2,1,1,Sentinel dVPN (1); VPNSecure (1)
FRONTIER-FRTR,2,2,1,1,Astrill (1); Vpnfacile (1)
GLBBULUTTEKNOLOJISI-AS,2,1,1,1,FlowVPN (2)
HIVE-DATA-CENTER,2,1,1,1,Sentinel dVPN (2)
HKTIMS-AP HKT Limited,2,2,1,1,Astrill (1); Sentinel dVPN (1)
HOST-MEDIA-LTD,2,1,1,1,Sentinel dVPN (2)
HOSTINGINSIDE HostingInside LTD.,2,2,1,1,PrivateVPN (1); ProtonVPN (1)
HOSTKEY-AS,2,2,1,1,KevinVPN (1); Sentinel dVPN (1)
HOSTSLIM-GLOBAL-NETWORK,2,2,1,1,CCrypto VPN (1); Sentinel dVPN (1)
HSO-GROUP,2,2,1,1,GhostPath (1); uVPN (1)
HZ-UK-AS,2,1,1,1,Trust.Zone (2)
HZ-US-AS,2,1,1,1,Trust.Zone (2)
Host-Africa-AS2,2,2,1,1,AnonymousVPN (1); VPN Jantit (1)
I-SERVERS-NORTH-EU to AS51765 announce AS207569,2,2,1,1,VPN Jantit (1); Zoogvpn (1)
I4W,2,2,1,1,CactusVPN (1); Safervpn (1)
IDNIC-ATHAMEDIANET-AS-ID CV Atha Media Prima,2,1,1,1,VPN Jantit (2)
IDNIC-BSTI-AS-ID PT Berkah Solusi Teknologi Informasi,2,1,1,1,VPN Jantit (2)
IDNIC-SUITEN-AS-ID PT. SUITEN INOVASI SUKSES,2,2,1,1,AzireVPN (1); ProtonVPN (1)
INALAN,2,1,1,1,Astrill (2)
INFOMANIAK-AS,2,1,1,1,KevinVPN (2)
INTERDIGI-VN INTERDIGI JOINT STOCK COMPANY,2,1,1,1,Sentinel dVPN (2)
INTERNETO-VIZIJA,2,2,1,1,HideIPVPN (1); PrivateVPN (1)
J AND J SPA INFOFRACTAL,2,1,1,1,Sentinel dVPN (2)
KARABRO Karabro AB,2,1,1,1,FlowVPN (2)
KEYWEB-AS,2,1,1,1,OVPN (2)
KOUMBIT,2,1,1,1,Riseup VPN (2)
KREDIT-AS,2,1,1,1,Sentinel dVPN (2)
KUZEYDC,2,2,1,1,KevinVPN (1); Sentinel dVPN (1)
LEASEWEB-UK-LON-11,2,2,1,1,NetShade (1); VPN.ac (1)
LIGHT4-AS-AP LIGHT NODE LIMITED,2,2,1,1,Sentinel dVPN (1); Zoogvpn (1)
LIVENET-,2,1,1,1,HideIPVPN (2)
LV-2CLOUD-ASN16,2,1,1,1,CactusVPN (2)
MAKONIX,2,2,1,2,AnonymousVPN (1); FreeVPN (1)
MICROTRONIX-ESOLUTIONS,2,1,1,1,Astrill (2)
MIVOCLOUD,2,1,1,1,ProtonVPN (2)
MYTEK-AS-AP MYTEK TRADING PTY LTD,2,1,1,1,IVPN (2)
NEXT-ALAN-AS,2,1,1,1,Sentinel dVPN (2)
NUCLEARFALLOUT-CHI,2,2,1,1,CactusVPN (1); LimeVPN (1)
NUCLEARFALLOUT-DAL,2,2,1,1,CactusVPN (1); LimeVPN (1)
NUCLEARFALLOUT-LAX,2,2,1,1,CactusVPN (1); LimeVPN (1)
Offshore Racks S.A,2,2,1,1,FlowVPN (1); GhostPath (1)
PEBBLEHOST,2,1,1,1,Sentinel dVPN (2)
PV-HOSTED,2,1,1,1,ProtonVPN (2)
QUICKPACKET,2,2,1,1,GhostPath (2); SlickVPN (1)
RACKFOREST-AS,2,1,1,1,VPN Jantit (2)
RADIOGRAFICA COSTARRICENSE,2,2,1,1,PrivateVPN (1); Proxpn (1)
SERVERHOUSE,2,1,1,1,GhostPath (2)
SERVHOST-AS,2,1,1,1,VPN Jantit (2)
SHOCK-1,2,1,1,1,RedShield VPN (2)
SINAVPS SinaVPS,2,1,1,1,FlowVPN (2)
SITCL-AS-AP Silicon Cloud Global US,2,1,1,1,Sentinel dVPN (2)
SRX TECNOLOGIA DA INFORMACAO LTDA,2,1,1,1,RedShield VPN (2)
SYSTEMINPLACE,2,1,1,1,Sentinel dVPN (2)
THINKSYSTEMSUK-ASN,2,1,1,1,HideIPVPN (2)
TR-PENTECH-AS,2,1,1,1,Getflix (2)
UKRAINE-AS,2,1,1,1,Zoogvpn (2)
VEESP-LV-AS,2,1,1,1,SotaVPN (2)
VHOST-AS-VN Viet Solutions Services Trading Company Limited,2,1,1,1,VPN Jantit (2)
VHOST-HOLDINGS-SG vHost Holdings Pte Ltd,2,2,1,1,FlowVPN (1); VPN Jantit (1)
VIETTELCAMBODIA-AS-AP ISPIXP IN CAMBODIA WITH THE BEST VERVICE IN THERE.,2,1,1,1,VPN Jantit (2)
WAICORE-LTD WAICORE LTD,2,1,1,1,KevinVPN (2)
WEBDOCK-AS,2,1,1,1,Sentinel dVPN (2)
WHITELABELIT,2,1,1,1,Astrill (2)
WISDOM-CLOUD,2,1,1,1,FlowVPN (2)
XANDMAIL-ASN,2,1,1,1,FlowVPN (2)
XTOM xTom Pty Ltd,2,1,1,1,Sentinel dVPN (2)
ZETSERVERS ZetServers.com - Unmetered Cloud and Dedicated Servers Provider,2,1,1,1,CactusVPN (2)
ZHOUYISAT-COMMUNICATIONS,2,1,1,1,VPN Jantit (2)
AARONSMITH-AS,1,1,1,1,Sentinel dVPN (1)
ADVIN-AS,1,1,1,1,Sentinel dVPN (1)
AEZA-AS,1,1,1,1,KeyDrop (1)
AHCLOUD,1,1,1,1,FlowVPN (1)
"ALIBABA-CN-NET Hangzhou Alibaba Advertising Co.,Ltd.",1,1,1,1,VPN Jantit (1)
AMIS,1,1,1,1,PrivateVPN (1)
"ARDH-AS-ID ARDH GLOBAL INDONESIA, PT",1,1,1,1,Astrill (1)
ARUBAFR-AS,1,1,1,1,FlowVPN (1)
AS-DATASOURCE,1,1,1,1,Hide.me (1)
AS-GEOHOSTING,1,1,1,1,VPN Jantit (1)
AS-ITFRUIT,1,1,1,1,VPN Jantit (1)
AS-TEKNOSOS-INT,1,1,1,1,RedShield VPN (1)
AS40028 - 1651884 Ontario Inc.,1,1,1,1,AzireVPN (1)
AS49870-BV,1,1,1,1,Vpnht (1)
AS62212,1,1,1,1,VPN Jantit (1)
ASBAXET,1,1,1,1,Kompot VPN (1)
ASN-ROUTELABEL,1,1,1,1,GhostPath (1)
ASTURKNET,1,1,1,1,Sentinel dVPN (1)
AUTO1-RIPE,1,1,1,1,PrivateVPN (1)
AWEB-ASN,1,1,1,1,GhostPath (1)
AXUSHOST,1,1,1,1,Sentinel dVPN (1)
BALTKOM-AS,1,1,1,1,PrivateVPN (1)
BAT-AS9038,1,1,1,1,Sentinel dVPN (1)
BESTHOSTING-AS,1,1,1,1,Sentinel dVPN (1)
BLXGRP,1,1,1,1,AzireVPN (1)
BOUYGTEL-B2B,1,1,1,1,Hotspotshield (1)
BOUYGTEL-ISP,1,1,1,1,Sentinel dVPN (1)
BRAINOZA,1,1,1,1,FreeVPN (1)
BSKYB-BROADBAND-AS,1,1,1,1,Sentinel dVPN (1)
CALYX-AS,1,1,1,1,Riseup VPN (1)
"CANET IMIZU CABLE NETWORK CO.,LTD.",1,1,1,1,VPN Gate (1)
CAT-CLOUD-AP CAT Telecom Public Company Limited,1,1,1,1,VPN Jantit (1)
CDM,1,2,1,1,GhostPath (1); SlickVPN (1)
CENTURY-LTD,1,1,1,1,Hotspotshield (1)
CHOCIZ-AS,1,1,1,1,FlowVPN (1)
CLOUDSIGMA-AS,1,1,1,1,FlowVPN (1)
CLOUDVALLEY-AS-AP Cloudvalley Sdn. Bhd.,1,1,1,1,Sentinel dVPN (1)
CMBHK-AS-KR CMB,1,1,1,1,VPN Gate (1)
DACEN-2,1,1,1,1,GhostPath (1)
DE-FIRSTCOLO firstcolo.net,1,1,1,1,KevinVPN (1)
DEDAUS-AS-AP Dedicated Servers Australia,1,1,1,1,GhostPath (1)
DELTA-TELECOM-AS International Communication Operator,1,1,1,1,FlowVPN (1)
DHH-AS,1,1,1,1,ProtonVPN (1)
DIG001,1,1,1,1,Sentinel dVPN (1)
DIGIWEB-AS,1,1,1,1,GhostPath (1)
DINSERVGRO-NET,1,1,1,1,FlowVPN (1)
DMIT,1,1,1,1,Zoogvpn (1)
"DOCOMO NTT DOCOMO, INC.",1,1,1,1,VPN Gate (1)
ENET-2,1,2,1,1,GhostPath (1); SlickVPN (1)
ENTECHNOLOGIES-AS-AP EN Technologies Pte Ltd,1,1,1,1,FreeVPN (1)
ERTH-OMSK-AS,1,1,1,1,VPNObratno (1)
ESAMARA-AS,1,1,1,1,VPNObratno (1)
ESSENSYSINC,1,1,1,1,FlowVPN (1)
ESTOXY-OU,1,1,1,1,Sentinel dVPN (1)
ESTRUXTURE-QC-10929,1,1,1,1,GhostPath (1)
EXABYTES-AS-AP Exa Bytes Network Sdn.Bhd.,1,1,1,1,GhostPath (1)
FABIT-AS,1,1,1,1,GhostPath (1)
FBX-AS,1,1,1,1,Sentinel dVPN (1)
FEELB,1,1,1,1,FlowVPN (1)
FIBERGRID,1,1,1,1,ProtonVPN (1)
FIBERPOWER-AS,1,1,1,1,Sentinel dVPN (1)
FPT-AS-AP FPT Telecom Company,1,1,1,1,Sentinel dVPN (1)
FREETHOUGHT-AS,1,1,1,1,Vpnfacile (1)
FUTURE-LAIN,1,1,1,1,Sentinel dVPN (1)
France Telecom - Orange,1,1,1,1,Sentinel dVPN (1)
GAYANET-AS-KR LG HelloVision Corp.,1,1,1,1,VPN Gate (1)
GINERNET,1,1,1,1,GhostPath (1)
GOCODEIT-EDGE,1,1,1,1,FlowVPN (1)
GOODHOSTKZ Goodhost.KZ - Hosting provider of Kazakhstan. Dedicated and VDSVPS hosting,1,1,1,1,Zoogvpn (1)
GTD PERU S.A,1,1,1,1,PrivateVPN (1)
Gigared S.A.,1,1,1,1,Kompot VPN (1)
HETZNER-CLOUD4-AS,1,1,1,1,Sentinel dVPN (1)
HKBN-AS-AP Hong Kong Broadband Network Ltd.,1,1,1,1,Sentinel dVPN (1)
HNSL-AS-AP Hytron Network Services Limited,1,1,1,1,Sentinel dVPN (1)
HOOPLAHOSTING-AS-AP Hoopla Hosting Limited,1,1,1,1,Zoogvpn (1)
HOSTUS-GLOBAL-AS HostUS,1,1,1,1,Sentinel dVPN (1)
IDCF IDC Frontier Inc.,1,1,1,1,Vpnht (1)
IDNIC-HERZA-AS-ID PT Herza Digital Indonesia,1,1,1,1,Sentinel dVPN (1)
IDNIC-IDCLOUDHOST-AS-ID PT Cloud Hosting Indonesia,1,1,1,1,FlowVPN (1)
IIJ Internet Initiative Japan Inc.,1,1,1,1,VPN Gate (1)
IL,1,1,1,1,VPN Jantit (1)
INDE-PTE-EU,1,1,1,1,Hotspotshield (1)
INFOLINK-MIA-,1,1,1,1,FlowVPN (1)
"INTERNET-CZ Ktis 2, 384 03 Ktis",1,1,1,1,SwitchVPN (1)
INTERNETBILISIM,1,1,1,1,VPN Jantit (1)
INTERNETBOLAGET-DE,1,1,1,1,PrivateVPN (1)
INTERSPACE-EUROPE,1,1,1,1,ProtonVPN (1)
IP-PROJECTS,1,1,1,1,Sentinel dVPN (1)
IPAX-AS,1,1,1,1,Zoogvpn (1)
IPHOST .GR IpDomain,1,2,1,1,Getflix (1); Smartdnsproxy (1)
IPSERVICE-AS,1,1,1,1,VPN Gate (1)
IT2-AS-AP IT Nut Hosting,1,1,1,1,Hotspotshield (1)
IWEB-AS,1,1,1,1,Sentinel dVPN (1)
Informatica y Telecomunicaciones S.A.,1,1,1,1,Sentinel dVPN (1)
JOYSVC-AS-IN JOY SERVICES,1,1,1,1,Sentinel dVPN (1)
KCNNET-AS-KR Keumgang Cable Network,1,1,1,1,VPN Gate (1)
KCTVNET-AS-KR Korea Cable TV Kwangju Broadcasting,1,1,1,1,VPN Gate (1)
KUROIT Kuroit Limited,1,1,1,1,Sentinel dVPN (1)
LAMA-AS-VN LAM A ARCHITECTURE CONSTRUCTION COMPANY LIMITED,1,1,1,1,Zoogvpn (1)
LAYER,1,1,1,1,Sentinel dVPN (1)
LCPDCO LCP AS dc oostkamp,1,1,1,1,SwitchVPN (1)
LDEX,1,1,1,1,FlowVPN (1)
LEASEWEB-USA-MIA,1,1,1,1,PureVPN (1)
LGHL-AS-AP Liasail Global Hongkong Limited,1,1,1,1,FlowVPN (1)
LIMITEDNETWORK-AS,1,1,1,1,PureVPN (1)
LOCLIXIT-AS,1,1,1,1,KevinVPN (1)
M247 Enterprise Services,1,1,1,1,TorGuard (1)
M5HOSTING,1,1,1,1,GhostPath (1)
MAGTICOMAS Magticom,1,1,1,1,Sentinel dVPN (1)
MAMMOTHMEDIA-AS-AP Mammoth Media Pty Ltd,1,1,1,1,Sentinel dVPN (1)
MANN-IT-AS,1,1,1,1,AzireVPN (1)
MELITACABLE,1,1,1,1,PrivateVPN (1)
MFBANKA-AS,1,1,1,1,CactusVPN (1)
MIDCO-NET,1,1,1,1,VPN Gate (1)
MTW-AS,1,1,1,1,KeyDrop (1)
MVMTECH-AS,1,1,1,1,VPN Gate (1)
MYTHIC Mythic Beasts Ltd,1,1,1,1,FlowVPN (1)
NAV NAV Communications,1,1,1,1,AnonymousVPN (1)
NETPLUS,1,1,1,1,SwitchVPN (1)
NEWMEDIAEXPRESS-AS-AP NewMedia Express Pte Ltd,1,1,1,1,FlowVPN (1)
NEXTGENWEBS-NL,1,1,1,1,Sentinel dVPN (1)
NFX_ZSPO,1,1,1,1,Sentinel dVPN (1)
NHL-AS1,1,1,1,1,VPNSecure (1)
NKTELECOM,1,1,1,1,VPN Jantit (1)
NOVA-CLOUD-,1,1,1,1,Astrill (1)
NUCLEARFALLOUT-ATL,1,1,1,1,CactusVPN (1)
NUCLEARFALLOUT-FRA,1,1,1,1,LimeVPN (1)
NUCLEARFALLOUT-NYC,1,1,1,1,CactusVPN (1)
NUCLEARFALLOUT-SEA,1,1,1,1,CactusVPN (1)
NUXOA,1,1,1,1,Sentinel dVPN (1)
NV-ASN CELLCOM ltd.,1,1,1,1,Safervpn (1)
OBE-NET,1,1,1,1,OVPN (1)
ONE-NETWORK,1,1,1,1,FlowVPN (1)
OPTAGE OPTAGE Inc.,1,1,1,1,VPN Gate (1)
PALTEL-AS PALTEL Autonomous System,1,1,1,1,ProtonVPN (1)
PDDA-AS,1,1,1,1,GhostPath (1)
PIPE-NET pipehost.net,1,1,1,1,FlowVPN (1)
PIPEHOST-AS PIPEHOST,1,1,1,1,FlowVPN (1)
POWERLINE-AS-AP POWER LINE DATACENTER,1,1,1,1,FlowVPN (1)
POWERVIS-AS-KR LG POWERCOMM,1,1,1,1,VPN Gate (1)
PROENNET-AS Proen Corp Public Company Limited.,1,1,1,1,Safervpn (1)
QTSC-AS-VN Quang Trung Software City Development Company,1,1,1,1,PrivateVPN (1)
QUICKHOSTUK,1,1,1,1,Sentinel dVPN (1)
RACKRAY UAB Rakrejus,1,1,1,1,Hotspotshield (1)
RAJASA-AS-ID-AP PT. Raja Sepadan Abadi,1,1,1,1,GhostPath (1)
RAMNODE,1,1,1,1,GhostPath (1)
RAY-AS,1,1,1,1,VPNObratno (1)
RCS-RDS 73-75 Dr. Staicovici,1,1,1,1,Sentinel dVPN (1)
"REDCOM-AS Redcom, Khabarovsk, Russia",1,1,1,1,VPN Gate (1)
RELAYIFY-LLC,1,1,1,1,FlowVPN (1)
RETEK,1,1,1,1,MoriVPN (1)
RICAWEBSERVICES,1,1,1,1,Sentinel dVPN (1)
RS,1,1,1,1,Sentinel dVPN (1)
RU-AEZA-AS,1,1,1,1,Kompot VPN (1)
RU-JSCIOT,1,1,1,1,KeyDrop (1)
SCALAXY-AS,1,1,1,1,Zoogvpn (1)
SELL-AS Orasul Navodari - Primaria Navodari,1,1,1,1,Sentinel dVPN (1)
SERVENET-AS-TH-AP ServeNET Solution Limited Partnership,1,1,1,1,GhostPath (1)
SERVERCENTRAL,1,1,1,1,FlowVPN (1)
SERVERUM-AS,1,1,1,1,VPNSecure (1)
SETCOR,1,1,1,1,FlowVPN (1)
SH-COM-,1,1,1,1,Smartdnsproxy (1)
SIA_2CLOUD,1,1,1,1,AnonymousVPN (1)
SKB-NAMDONGNET-AS-KR SK Broadband Co Ltd,1,1,1,1,VPN Gate (1)
SKB-TBROAD_HANVIT-AS-KR SK Broadband Co Ltd,1,1,1,1,VPN Gate (1)
SOLLUTIUM-NL,1,1,1,1,Hide.me (1)
SPECTRAIP SpectraIP B.V.,1,1,1,1,CactusVPN (1)
SS7-AS,1,1,1,1,FlowVPN (1)
SSERV-AS,1,1,1,1,FlowVPN (1)
STREADER,1,1,1,1,Sentinel dVPN (1)
SUNUCUN,1,1,1,1,Zoogvpn (1)
SUOMICOMMUNICATIONS,1,1,1,1,PrivateVPN (1)
SYN-UK SYN,1,1,1,1,FlowVPN (1)
SYPTEC-NOC,1,1,1,1,FlowVPN (1)
SZYBKINET,1,1,1,1,FlowVPN (1)
TCTEL,1,1,1,1,GhostPath (1)
TECHTIDE,1,1,1,1,Sentinel dVPN (1)
TELECOM-ARMENIA Telecom Armenia AS,1,1,1,1,Zoogvpn (1)
TELENOR-SE Telenor Sverige AB,1,1,1,1,Sentinel dVPN (1)
THE-1984-AS,1,1,1,1,Sentinel dVPN (1)
TIF-AS Iliad Italia S.p.A,1,1,1,1,Sentinel dVPN (1)
TNF-AS,1,1,1,1,Sentinel dVPN (1)
"TOPHOST-MD-AS R.Moldova, Chisinau, Paris 18A",1,1,1,1,CactusVPN (1)
TOT-NET TOT Public Company Limited,1,1,1,1,VPN Gate (1)
TPNET,1,1,1,1,Sentinel dVPN (1)
TRANSATEL1-AS-AP Transatel,1,1,1,1,SwitchVPN (1)
TRINITY-AS,1,1,1,1,VPNObratno (1)
TTC-AS JSC Transtelecom,1,1,1,1,FlowVPN (1)
TTSB-AS-AP Terabix,1,1,1,1,Sentinel dVPN (1)
TUNGSTEN,1,1,1,1,Sentinel dVPN (1)
TURNKEY-INTERNET,1,1,1,1,FlowVPN (1)
Truxgo S. de R.L de C.V,1,1,1,1,FlowVPN (1)
UCOM ARTERIA Networks Corporation,1,1,1,1,VPN Gate (1)
UK-NETCETERA Netcetera Autonomous System Peers,1,1,1,1,PrivateVPN (1)
UNI2-AS,1,1,1,1,HideIPVPN (1)
UNITEL-LA Star Telecom,1,1,1,1,VPN Gate (1)
UPCLOUD,1,1,1,1,Safervpn (1)
USA-2022,1,1,1,1,ProtonVPN (1)
UUNET,1,1,1,1,Sentinel dVPN (1)
VELOCIHOST,1,1,1,1,GhostPath (1)
VERGETEL1-AS-AP VERGETEL,1,1,1,1,Sentinel dVPN (1)
VERMONT-TELE,1,1,1,1,Astrill (1)
VERSAWEB-ASN,1,1,1,1,GhostPath (1)
VH-GLOBAL VH Global Limited,1,1,1,1,Sentinel dVPN (1)
VIRTUASYS-EU Lift weight. Push bytes. Never drop. Repeat.,1,1,1,1,FlowVPN (1)
VODAFONE-IT-ASN,1,1,1,1,Sentinel dVPN (1)
VOICE-NET-AS,1,1,1,1,GhostPath (1)
VOOSERVERS,1,1,1,1,GhostPath (1)
W1N,1,1,1,1,SwitchVPN (1)
WAP-AC,1,1,1,1,FlowVPN (1)
WEBAIR-INTERNET,1,1,1,1,Safervpn (1)
WEBHOSTING24-AS Webhosting24 GmbH,1,1,1,1,AnonymousVPN (1)
WEYRO,1,1,1,1,KevinVPN (1)
WHG-IN,1,1,1,1,VPNSecure (1)
WHITELABEL,1,1,1,1,Sentinel dVPN (1)
WICHITA-INTER-KONNECTS-1LL4H,1,1,1,1,Hotspotshield (1)
XENIAHOSTING,1,1,1,1,Sentinel dVPN (1)
YANDEXCLOUD,1,1,1,1,KeyDrop (1)
YESONGIT,1,1,1,1,Sentinel dVPN (1)
ZAM LTDA.,1,1,1,1,FlowVPN (1)
